<keymap version="1" name="macOS gonzalo" parent="Mac OS X 10.5+">
  <action id="$LRU">
    <keyboard-shortcut first-keystroke="ctrl meta alt o" />
  </action>
  <action id="ActivateProjectToolWindow">
    <keyboard-shortcut first-keystroke="meta 1" />
    <keyboard-shortcut first-keystroke="meta b" />
  </action>
  <action id="Annotate">
    <keyboard-shortcut first-keystroke="alt a" />
  </action>
  <action id="Arrangement.Rule.Edit" />
  <action id="ChangesView.Rename">
    <keyboard-shortcut first-keystroke="shift f6" />
  </action>
  <action id="Editor LRU">
    <keyboard-shortcut first-keystroke="ctrl meta alt o" />
  </action>
  <action id="FileChooser.TogglePathShowing" />
  <action id="FindNext" />
  <action id="Git.Rename.Local.Branch">
    <keyboard-shortcut first-keystroke="shift f6" />
  </action>
  <action id="Git.Reword.Commit">
    <keyboard-shortcut first-keystroke="shift f6" />
  </action>
  <action id="GotoDeclaration">
    <mouse-shortcut keystroke="meta button1" />
    <mouse-shortcut keystroke="Force touch" />
    <mouse-shortcut keystroke="button2" />
    <keyboard-shortcut first-keystroke="meta g" />
  </action>
  <action id="GotoFile">
    <keyboard-shortcut first-keystroke="shift meta o" />
    <keyboard-shortcut first-keystroke="meta p" />
  </action>
  <action id="GotoNextError" />
  <action id="JumpToLastWindow" />
  <action id="MoveTabRight">
    <keyboard-shortcut first-keystroke="ctrl meta alt space" />
  </action>
  <action id="NewDir">
    <keyboard-shortcut first-keystroke="ctrl meta alt p" />
  </action>
  <action id="NewFile">
    <keyboard-shortcut first-keystroke="ctrl meta alt f" />
  </action>
  <action id="ParameterInfo" />
  <action id="QuickJavaDoc">
    <keyboard-shortcut first-keystroke="ctrl j" />
    <mouse-shortcut keystroke="control button2" />
  </action>
  <action id="RenameElement">
    <keyboard-shortcut first-keystroke="shift f6" />
    <keyboard-shortcut first-keystroke="f2" />
  </action>
  <action id="SaveAs" />
  <action id="SelectIn">
    <keyboard-shortcut first-keystroke="alt f1" />
    <keyboard-shortcut first-keystroke="f1" />
  </action>
  <action id="SelectInProjectView">
    <keyboard-shortcut first-keystroke="shift meta s" />
  </action>
  <action id="ShelvedChanges.Rename">
    <keyboard-shortcut first-keystroke="shift f6" />
  </action>
  <action id="ShowUsages">
    <keyboard-shortcut first-keystroke="meta alt f7" />
    <keyboard-shortcut first-keystroke="f12" />
  </action>
  <action id="Vcs.Log.ShowTooltip">
    <keyboard-shortcut first-keystroke="ctrl j" />
    <mouse-shortcut keystroke="control button2" />
  </action>
  <action id="XDebugger.EditWatch" />
  <action id="XDebugger.SetValue" />
  <action id="org.intellij.plugins.markdown.ui.actions.editorLayout.CyclicSplitLayoutChangeAction" />
</keymap>